acc,loss,top5_acc,val_acc,val_loss,val_top5_acc,epoch
0.3051956593990326,3.423698902130127,0.7195277810096741,0.40119048953056335,2.8650717735290527,0.7961557507514954,0
0.37588030099868774,2.8049139976501465,0.8207541108131409,0.4172123074531555,2.674257755279541,0.8274305462837219,1
0.38831081986427307,2.7169101238250732,0.8327077627182007,0.4306051731109619,2.6044678688049316,0.8404265642166138,2
0.3928951621055603,2.6700997352600098,0.838661253452301,0.4262152910232544,2.563859462738037,0.8493799567222595,3
0.3960488736629486,2.6386172771453857,0.8430833220481873,0.427207350730896,2.5429141521453857,0.8527777791023254,4
0.3967076539993286,2.6173081398010254,0.8445557355880737,0.43276289105415344,2.5245954990386963,0.8556795716285706,5
0.3982931077480316,2.6004951000213623,0.8470973968505859,0.4370039701461792,2.521650791168213,0.8560019731521606,6
0.4004119634628296,2.5856306552886963,0.8487836122512817,0.43921130895614624,2.514702081680298,0.8561756014823914,7
0.4015500545501709,2.573676824569702,0.8496881723403931,0.4389384984970093,2.5085110664367676,0.8594245910644531,8
0.40314289927482605,2.5625569820404053,0.8510278463363647,0.4286954402923584,2.513263463973999,0.8570188283920288,9
0.402820885181427,2.555640459060669,0.851848840713501,0.43392857909202576,2.501282215118408,0.8600942492485046,10
0.4054338335990906,2.5441601276397705,0.8532794713973999,0.4329613149166107,2.497922658920288,0.8604910969734192,11
0.40581730008125305,2.537865400314331,0.8533384203910828,0.4397321343421936,2.4844250679016113,0.8611606955528259,12
0.40666043758392334,2.530226469039917,0.8544224500656128,0.43789681792259216,2.484311580657959,0.8623015880584717,13
0.40776902437210083,2.5232248306274414,0.8549706339836121,0.44479167461395264,2.48858380317688,0.8603670597076416,14
0.40882599353790283,2.5179500579833984,0.8558211326599121,0.4410466253757477,2.4889841079711914,0.8619295358657837,15
0.40919962525367737,2.512535572052002,0.8561750650405884,0.4436259865760803,2.480314254760742,0.8628720045089722,16
0.40976497530937195,2.5073184967041016,0.8572148680686951,0.44293153285980225,2.4808480739593506,0.8618799448013306,17
0.41047781705856323,2.5032150745391846,0.8577334880828857,0.44149306416511536,2.4792730808258057,0.8629712462425232,18
0.4104335904121399,2.499377489089966,0.8575810790061951,0.44223710894584656,2.4812428951263428,0.8624504208564758,19
